<?xml version="1.0" encoding="UTF-8"?>
<rss xmlns:atom="http://www.w3.org/2005/Atom" xmlns:georss="http://www.georss.org/georss" xmlns:twitter="http://api.twitter.com" xmlns:dc="http://purl.org/dc/elements/1.1/" version="2.0">
  <channel>
    <atom:link href="http://twitrss.me/twitter_search_to_rss/?term=emelec" rel="self" type="application/rss+xml" /> 
    <title>Twitter search feed for: emelec.</title>
    <link>https://twitter.com/search?f=tweets&amp;src=typd&amp;q=emelec</link>
    <description>Twitter search feed for: emelec.</description>
    <language>en-us</language>
    <ttl>40</ttl>
    <item>
      <title>[#Fecha20]
Alineaciones de #GuayaquilCityFC y #Emelec para su partido de la jornada en el estadio &#x22;Chucho&#x22; Ben&#xED;tez. pic.twitter.com/Uf5jPi2iI5</title>
      <dc:creator> (@Fanatico__EC)</dc:creator>
      <description><![CDATA[<p class="TweetTextSize  js-tweet-text tweet-text"  lang="es">[<a class="twitter-hashtag pretty-link js-nav"  dir="ltr" href="https://twitter.com/hashtag/Fecha20?src=hash">#<b>Fecha20</b></a>]
Alineaciones de <a class="twitter-hashtag pretty-link js-nav"  dir="ltr" href="https://twitter.com/hashtag/GuayaquilCityFC?src=hash">#<b>GuayaquilCityFC</b></a> y <a class="twitter-hashtag pretty-link js-nav"  dir="ltr" href="https://twitter.com/hashtag/Emelec?src=hash">#<b>Emelec</b></a> para su partido de la jornada en el estadio "Chucho" Ben&iacute;tez. <a class="twitter-timeline-link u-hidden"  dir="ltr" href="https://t.co/Uf5jPi2iI5">pic.twitter.com/Uf5jPi2iI5</a></p><img src="https://pbs.twimg.com/media/Dsza7LLXQAEI-yf.jpg" width="250" />]]></description>
      <pubDate>Sat, 24 Nov 2018 23:05:47 +0000</pubDate>
      <guid>https://twitter.com/Fanatico__EC/status/1066467946363523072</guid>
      <link>https://twitter.com/Fanatico__EC/status/1066467946363523072</link>
      <twitter:source/>
      <twitter:place/>
    </item>
    <item>
      <title>Carlos, y que debe hacer la Conmebol para evitar q un desadaptado irresponsable escoria  de la vida no lance una piedra al bus del rival? Eso no deber&#xED;a ser un tema de organizaci&#xF3;n de cercos policiales? Deber&#xED;a la Conmebol estar a cargo de la Policia para Garantizar algo?</title>
      <dc:creator> (@Emelec201215)</dc:creator>
      <description><![CDATA[<p class="TweetTextSize  js-tweet-text tweet-text"  lang="es">Carlos, y que debe hacer la Conmebol para evitar q un desadaptado irresponsable escoria  de la vida no lance una piedra al bus del rival? Eso no deber&iacute;a ser un tema de organizaci&oacute;n de cercos policiales? Deber&iacute;a la Conmebol estar a cargo de la Policia para Garantizar algo?</p>]]></description>
      <pubDate>Sat, 24 Nov 2018 23:05:25 +0000</pubDate>
      <guid>https://twitter.com/Emelec201215/status/1066467854466367489</guid>
      <link>https://twitter.com/Emelec201215/status/1066467854466367489</link>
      <twitter:source/>
      <twitter:place/>
    </item>
    <item>
      <title>Ya mucha huevada el super cl&#xE1;sico, ahora si modo Emelec</title>
      <dc:creator> (@josalbusagui7)</dc:creator>
      <description><![CDATA[<p class="TweetTextSize  js-tweet-text tweet-text"  lang="es">Ya mucha huevada el super cl&aacute;sico, ahora si modo Emelec</p>]]></description>
      <pubDate>Sat, 24 Nov 2018 23:04:25 +0000</pubDate>
      <guid>https://twitter.com/josalbusagui7/status/1066467602661281796</guid>
      <link>https://twitter.com/josalbusagui7/status/1066467602661281796</link>
      <twitter:source/>
      <twitter:place/>
    </item>
    <item>
      <title>Guayaquil City ha medido 7 veces como local a Emelec. Se registran 2 empates y 5 victorias azules.
#FutbolxBichito</title>
      <dc:creator> (@BichitoEC)</dc:creator>
      <description><![CDATA[<p class="TweetTextSize  js-tweet-text tweet-text"  lang="es">Guayaquil City ha medido 7 veces como local a Emelec. Se registran 2 empates y 5 victorias azules.
<a class="twitter-hashtag pretty-link js-nav"  dir="ltr" href="https://twitter.com/hashtag/FutbolxBichito?src=hash">#<b>FutbolxBichito</b></a></p>]]></description>
      <pubDate>Sat, 24 Nov 2018 23:04:12 +0000</pubDate>
      <guid>https://twitter.com/BichitoEC/status/1066467550396121088</guid>
      <link>https://twitter.com/BichitoEC/status/1066467550396121088</link>
      <twitter:source/>
      <twitter:place/>
    </item>
    <item>
      <title>Guayaquil City y Emelec se han enfrentado 15 veces en el historial, registr&#xE1;ndose 4 empates y 11 triunfos el&#xE9;ctricos.
#FutbolxBichito</title>
      <dc:creator> (@BichitoEC)</dc:creator>
      <description><![CDATA[<p class="TweetTextSize  js-tweet-text tweet-text"  lang="es">Guayaquil City y Emelec se han enfrentado 15 veces en el historial, registr&aacute;ndose 4 empates y 11 triunfos el&eacute;ctricos.
<a class="twitter-hashtag pretty-link js-nav"  dir="ltr" href="https://twitter.com/hashtag/FutbolxBichito?src=hash">#<b>FutbolxBichito</b></a></p>]]></description>
      <pubDate>Sat, 24 Nov 2018 23:03:56 +0000</pubDate>
      <guid>https://twitter.com/BichitoEC/status/1066467480930004993</guid>
      <link>https://twitter.com/BichitoEC/status/1066467480930004993</link>
      <twitter:source/>
      <twitter:place/>
    </item>
    <item>
      <title>VAMOS EMELEC HPTA!!!!  https://twitter.com/CSEmelec/status/1066460505257242624&#xA0;&#x2026;</title>
      <dc:creator> (@EMELECISTA_AZUL)</dc:creator>
      <description><![CDATA[<p class="TweetTextSize  js-tweet-text tweet-text"  lang="es">VAMOS EMELEC HPTA!!!!  <a href="https://twitter.com/CSEmelec/status/1066460505257242624">https://twitter.com/CSEmelec/status/1066460505257242624&nbsp;&hellip;</a></p>]]></description>
      <pubDate>Sat, 24 Nov 2018 23:02:50 +0000</pubDate>
      <guid>https://twitter.com/EMELECISTA_AZUL/status/1066467205712396288</guid>
      <link>https://twitter.com/EMELECISTA_AZUL/status/1066467205712396288</link>
      <twitter:source/>
      <twitter:place/>
    </item>
    <item>
      <title>&#xA1;VAMOS #EMELEC !
Dreer; Paredes, Vega, Mej&#xED;a, Johnson; Dixon, Queiroz, L&#xF3;pez, Rojas, Romario y Angulo pic.twitter.com/AiQmX2zgNZ</title>
      <dc:creator> (@elangelazul)</dc:creator>
      <description><![CDATA[<p class="TweetTextSize  js-tweet-text tweet-text"  lang="es">&iexcl;VAMOS <a class="twitter-hashtag pretty-link js-nav"  dir="ltr" href="https://twitter.com/hashtag/EMELEC?src=hash">#<b>EMELEC</b></a> !
Dreer; Paredes, Vega, Mej&iacute;a, Johnson; Dixon, Queiroz, L&oacute;pez, Rojas, Romario y Angulo <a class="twitter-timeline-link u-hidden"  dir="ltr" href="https://t.co/AiQmX2zgNZ">pic.twitter.com/AiQmX2zgNZ</a></p><img src="https://pbs.twimg.com/media/DszaJcGWwAA8vNo.jpg" width="250" />]]></description>
      <pubDate>Sat, 24 Nov 2018 23:02:19 +0000</pubDate>
      <guid>https://twitter.com/elangelazul/status/1066467075332468738</guid>
      <link>https://twitter.com/elangelazul/status/1066467075332468738</link>
      <twitter:source/>
      <twitter:place/>
    </item>
    <item>
      <title>Y que sacas con esas encuestas cojudas, si no aportan, no van al estadio y cuando el idoloshhh va perdiendo o esta eliminado ... Lo abandonan, Pilsener lo sabe y toda la galaxia lo sabe. https://twitter.com/CazaTarrineros/status/1066350868855959559&#xA0;&#x2026;</title>
      <dc:creator> (@robertpalacios1)</dc:creator>
      <description><![CDATA[<p class="TweetTextSize  js-tweet-text tweet-text"  lang="es">Y que sacas con esas encuestas cojudas, si no aportan, no van al estadio y cuando el idoloshhh va perdiendo o esta eliminado ... Lo abandonan, Pilsener lo sabe y toda la galaxia lo sabe. <a href="https://twitter.com/CazaTarrineros/status/1066350868855959559">https://twitter.com/CazaTarrineros/status/1066350868855959559&nbsp;&hellip;</a></p>]]></description>
      <pubDate>Sat, 24 Nov 2018 23:02:03 +0000</pubDate>
      <guid>https://twitter.com/robertpalacios1/status/1066467008156499968</guid>
      <link>https://twitter.com/robertpalacios1/status/1066467008156499968</link>
      <twitter:source/>
      <twitter:place/>
    </item>
    <item>
      <title>persona comun?
que vas a ser una persona com&#xFA;n 
Tu lo qu&#xE9; eres es un ser enfermo y acomplejado llena de odios y resentimientos .
Sigue sufriendo por Emelec nomas 
Tu propio veneno acabar&#xE1; con tigo tarde o temprano. 
y eres tan maricon que luego dir&#xE1;s..Yo no los nombre !</title>
      <dc:creator> (@manaba_azul)</dc:creator>
      <description><![CDATA[<p class="TweetTextSize  js-tweet-text tweet-text"  lang="es">persona comun?
que vas a ser una persona com&uacute;n 
Tu lo qu&eacute; eres es un ser enfermo y acomplejado llena de odios y resentimientos .
Sigue sufriendo por Emelec nomas 
Tu propio veneno acabar&aacute; con tigo tarde o temprano. 
y eres tan maricon que luego dir&aacute;s..Yo no los nombre !</p>]]></description>
      <pubDate>Sat, 24 Nov 2018 23:01:36 +0000</pubDate>
      <guid>https://twitter.com/manaba_azul/status/1066466894365032455</guid>
      <link>https://twitter.com/manaba_azul/status/1066466894365032455</link>
      <twitter:source/>
      <twitter:place/>
    </item>
    <item>
      <title>Grande viejoooo vamos emelec carajo</title>
      <dc:creator> (@alvarovillon85)</dc:creator>
      <description><![CDATA[<p class="TweetTextSize  js-tweet-text tweet-text"  lang="es">Grande viejoooo vamos emelec carajo</p>]]></description>
      <pubDate>Sat, 24 Nov 2018 23:00:20 +0000</pubDate>
      <guid>https://twitter.com/alvarovillon85/status/1066466575514038272</guid>
      <link>https://twitter.com/alvarovillon85/status/1066466575514038272</link>
      <twitter:source/>
      <twitter:place/>
    </item>
    <item>
      <title>Vamos mi Emelec  https://twitter.com/csemelec/status/1066460505257242624&#xA0;&#x2026;</title>
      <dc:creator> (@KatitaSolorzano)</dc:creator>
      <description><![CDATA[<p class="TweetTextSize  js-tweet-text tweet-text"  lang="es">Vamos mi Emelec <img alt="&#x1F64F;&#x1F3FB;" aria-label="Emoji: Person with folded hands (Light skin tone)" class="Emoji Emoji--forText" draggable="false" src="https://abs.twimg.com/emoji/v2/72x72/1f64f-1f3fb.png" title="Person with folded hands (Light skin tone)"></img><img alt="&#x1F499;" aria-label="Emoji: Blue heart" class="Emoji Emoji--forText" draggable="false" src="https://abs.twimg.com/emoji/v2/72x72/1f499.png" title="Blue heart"></img> <a href="https://twitter.com/csemelec/status/1066460505257242624">https://twitter.com/csemelec/status/1066460505257242624&nbsp;&hellip;</a></p>]]></description>
      <pubDate>Sat, 24 Nov 2018 23:00:16 +0000</pubDate>
      <guid>https://twitter.com/KatitaSolorzano/status/1066466561475702790</guid>
      <link>https://twitter.com/KatitaSolorzano/status/1066466561475702790</link>
      <twitter:source/>
      <twitter:place/>
    </item>
    <item>
      <title>Puede ser que funcionen como dicen los electro...que suelen aparecer en los partidos finales. Bustos ya lo dijo se debi&#xF3; JUGAR LA FECHA 19 pero a Emelec le conven&#xED;a jugar con UN EQUIPO REGALADO y maniobr&#xF3; UNA VEZ M&#xC1;S!</title>
      <dc:creator> (@JavierHidalgoC1)</dc:creator>
      <description><![CDATA[<p class="TweetTextSize  js-tweet-text tweet-text"  lang="es">Puede ser que funcionen como dicen los electro...que suelen aparecer en los partidos finales. Bustos ya lo dijo se debi&oacute; JUGAR LA FECHA 19 pero a Emelec le conven&iacute;a jugar con UN EQUIPO REGALADO y maniobr&oacute; UNA VEZ M&Aacute;S!</p>]]></description>
      <pubDate>Sat, 24 Nov 2018 23:00:16 +0000</pubDate>
      <guid>https://twitter.com/JavierHidalgoC1/status/1066466560641064961</guid>
      <link>https://twitter.com/JavierHidalgoC1/status/1066466560641064961</link>
      <twitter:source/>
      <twitter:place/>
    </item>
    <item>
      <title>El f&#xFA;tbol no para este 24 de noviembre en el #CampeonatoNacional. #Emelec enfrenta a los ciudadanos y espera sumar tres puntos valiosos:  http://ht.ly/XMWg30mJLML&#xA0;pic.twitter.com/j6VA8u9IHm</title>
      <dc:creator> (@DiarioExtraEc)</dc:creator>
      <description><![CDATA[<p class="TweetTextSize  js-tweet-text tweet-text"  lang="es">El f&uacute;tbol no para este 24 de noviembre en el <a class="twitter-hashtag pretty-link js-nav"  dir="ltr" href="https://twitter.com/hashtag/CampeonatoNacional?src=hash">#<b>CampeonatoNacional</b></a>. <a class="twitter-hashtag pretty-link js-nav"  dir="ltr" href="https://twitter.com/hashtag/Emelec?src=hash">#<b>Emelec</b></a> enfrenta a los ciudadanos y espera sumar tres puntos valiosos:  <a href="http://ht.ly/XMWg30mJLML">http://ht.ly/XMWg30mJLML&nbsp;</a><a class="twitter-timeline-link u-hidden"  dir="ltr" href="https://t.co/j6VA8u9IHm">pic.twitter.com/j6VA8u9IHm</a></p><img src="https://pbs.twimg.com/media/DszZr0CWwAAEh5R.jpg" width="250" />]]></description>
      <pubDate>Sat, 24 Nov 2018 23:00:16 +0000</pubDate>
      <guid>https://twitter.com/DiarioExtraEc/status/1066466560540377088</guid>
      <link>https://twitter.com/DiarioExtraEc/status/1066466560540377088</link>
      <twitter:source/>
      <twitter:place/>
    </item>
    <item>
      <title>#Emelec visita hoy al City, club ante el que se mantiene invicto. Sus dos cotejos siguientes ser&#xE1;n en el Capwell, donde predomina su superioridad:  http://ht.ly/KlRs30mJM2B&#xA0;pic.twitter.com/eVmWyPcqPt</title>
      <dc:creator> (@Expresoec)</dc:creator>
      <description><![CDATA[<p class="TweetTextSize  js-tweet-text tweet-text"  lang="es"><a class="twitter-hashtag pretty-link js-nav"  dir="ltr" href="https://twitter.com/hashtag/Emelec?src=hash">#<b>Emelec</b></a> visita hoy al City, club ante el que se mantiene invicto. Sus dos cotejos siguientes ser&aacute;n en el Capwell, donde predomina su superioridad:  <a href="http://ht.ly/KlRs30mJM2B">http://ht.ly/KlRs30mJM2B&nbsp;</a><a class="twitter-timeline-link u-hidden"  dir="ltr" href="https://t.co/eVmWyPcqPt">pic.twitter.com/eVmWyPcqPt</a></p><img src="https://pbs.twimg.com/media/DszZrqXW0AAtz4P.jpg" width="250" />]]></description>
      <pubDate>Sat, 24 Nov 2018 23:00:16 +0000</pubDate>
      <guid>https://twitter.com/Expresoec/status/1066466557793054720</guid>
      <link>https://twitter.com/Expresoec/status/1066466557793054720</link>
      <twitter:source/>
      <twitter:place/>
    </item>
    <item>
      <title>Bueno vamos a ver a Emelec</title>
      <dc:creator> (@JoseduVeliz)</dc:creator>
      <description><![CDATA[<p class="TweetTextSize  js-tweet-text tweet-text"  lang="es">Bueno vamos a ver a Emelec</p>]]></description>
      <pubDate>Sat, 24 Nov 2018 22:59:41 +0000</pubDate>
      <guid>https://twitter.com/JoseduVeliz/status/1066466413345415168</guid>
      <link>https://twitter.com/JoseduVeliz/status/1066466413345415168</link>
      <twitter:source/>
      <twitter:place/>
    </item>
    <item>
      <title>Se rumora que @NassibNeme env&#xED;o un electrocheque a la @Libertadores para que se suspenda el partido y nos enfoquemos en lo importante, Emelec vs Guayaquil City o &#x2018;Real Madrid&#x2019; como lo llama el t&#xE9;cnico de Vsc. </title>
      <dc:creator> (@a000002010)</dc:creator>
      <description><![CDATA[<p class="TweetTextSize  js-tweet-text tweet-text"  lang="es">Se rumora que <a class="twitter-atreply pretty-link js-nav"  dir="ltr" href="https://twitter.com/NassibNeme">@<b>NassibNeme</b></a> env&iacute;o un electrocheque a la <a class="twitter-atreply pretty-link js-nav"  dir="ltr" href="https://twitter.com/Libertadores">@<b>Libertadores</b></a> para que se suspenda el partido y nos enfoquemos en lo importante, Emelec vs Guayaquil City o &lsquo;Real Madrid&rsquo; como lo llama el t&eacute;cnico de Vsc. <img alt="&#x1F602;" aria-label="Emoji: Face with tears of joy" class="Emoji Emoji--forText" draggable="false" src="https://abs.twimg.com/emoji/v2/72x72/1f602.png" title="Face with tears of joy"></img></p>]]></description>
      <pubDate>Sat, 24 Nov 2018 22:58:30 +0000</pubDate>
      <guid>https://twitter.com/a000002010/status/1066466114371227649</guid>
      <link>https://twitter.com/a000002010/status/1066466114371227649</link>
      <twitter:source/>
      <twitter:place/>
    </item>
    <item>
      <title>EL ONCE de #GuayaquilCity vs #Emelec. 

#CopaLubricantesHavolinepic.twitter.com/owF6P4d2mc</title>
      <dc:creator> (@mundodeporfm)</dc:creator>
      <description><![CDATA[<p class="TweetTextSize  js-tweet-text tweet-text"  lang="fr">EL ONCE de <a class="twitter-hashtag pretty-link js-nav"  dir="ltr" href="https://twitter.com/hashtag/GuayaquilCity?src=hash">#<b>GuayaquilCity</b></a> vs <a class="twitter-hashtag pretty-link js-nav"  dir="ltr" href="https://twitter.com/hashtag/Emelec?src=hash">#<b>Emelec</b></a>. 

<a class="twitter-hashtag pretty-link js-nav"  dir="ltr" href="https://twitter.com/hashtag/CopaLubricantesHavoline?src=hash">#<b>CopaLubricantesHavoline</b></a><a class="twitter-timeline-link u-hidden"  dir="ltr" href="https://t.co/owF6P4d2mc">pic.twitter.com/owF6P4d2mc</a></p><img src="https://pbs.twimg.com/media/DszZP0hXoAEF6Cl.jpg" width="250" />]]></description>
      <pubDate>Sat, 24 Nov 2018 22:58:24 +0000</pubDate>
      <guid>https://twitter.com/mundodeporfm/status/1066466088647622657</guid>
      <link>https://twitter.com/mundodeporfm/status/1066466088647622657</link>
      <twitter:source/>
      <twitter:place/>
    </item>
    <item>
      <title>Solo nos queda Emelec </title>
      <dc:creator> (@KarlyRivadenei1)</dc:creator>
      <description><![CDATA[<p class="TweetTextSize  js-tweet-text tweet-text"  lang="es">Solo nos queda Emelec <img alt="&#x1F499;" aria-label="Emoji: Blue heart" class="Emoji Emoji--forText" draggable="false" src="https://abs.twimg.com/emoji/v2/72x72/1f499.png" title="Blue heart"></img></p>]]></description>
      <pubDate>Sat, 24 Nov 2018 22:57:44 +0000</pubDate>
      <guid>https://twitter.com/KarlyRivadenei1/status/1066465923970867201</guid>
      <link>https://twitter.com/KarlyRivadenei1/status/1066465923970867201</link>
      <twitter:source/>
      <twitter:place/>
    </item>
    <item>
      <title>En tu cancha o de visita nadie te puede vencer!!! EMELEC!</title>
      <dc:creator> (@FavioAguiar)</dc:creator>
      <description><![CDATA[<p class="TweetTextSize  js-tweet-text tweet-text"  lang="es">En tu cancha o de visita nadie te puede vencer!!! EMELEC!</p>]]></description>
      <pubDate>Sat, 24 Nov 2018 22:56:56 +0000</pubDate>
      <guid>https://twitter.com/FavioAguiar/status/1066465720849104898</guid>
      <link>https://twitter.com/FavioAguiar/status/1066465720849104898</link>
      <twitter:source/>
      <twitter:place/>
    </item>
    <item>
      <title>Deja mucho que desear el protocolo y la policia argentina. Esto no es sorpresa, en cualquier cl&#xE1;sico en Sudam&#xE9;rica hubiera sido lo mismo. La polic&#xED;a esta para prevenir, sino para que esta.</title>
      <dc:creator> (@IdiomaEmelec)</dc:creator>
      <description><![CDATA[<p class="TweetTextSize  js-tweet-text tweet-text"  lang="es">Deja mucho que desear el protocolo y la policia argentina. Esto no es sorpresa, en cualquier cl&aacute;sico en Sudam&eacute;rica hubiera sido lo mismo. La polic&iacute;a esta para prevenir, sino para que esta.</p>]]></description>
      <pubDate>Sat, 24 Nov 2018 22:56:33 +0000</pubDate>
      <guid>https://twitter.com/IdiomaEmelec/status/1066465622895329280</guid>
      <link>https://twitter.com/IdiomaEmelec/status/1066465622895329280</link>
      <twitter:source/>
      <twitter:place/>
    </item>
  </channel>
</rss>      